Location,IP Address,Timestamp
"New Jersey","49.36.233.109","11/21/2023, 11:16:36 PM"
"california","71.104.39.190","11/22/2023, 9:47:36 AM"
"New York","49.36.233.245","11/22/2023, 10:11:42 AM"
"94556",", 71.104.39.190","11/22/2023, 10:22:52 AM"
"94556",", 71.104.39.190","11/22/2023, 10:23:51 AM"
"94556",", 71.104.39.190","11/22/2023, 10:24:21 AM"
"New York","49.36.233.245","11/22/2023, 10:27:37 AM"
"92129","49.36.233.245","11/22/2023, 10:29:46 AM"
"94556","49.36.233.245","11/22/2023, 10:31:26 AM"
"94556","49.36.233.245","11/22/2023, 10:31:45 AM"
"94556",", 71.104.39.190","11/22/2023, 10:33:08 AM"
"94556","49.36.233.245","11/22/2023, 10:33:48 AM"
"94556","71.104.39.190","11/22/2023, 10:34:34 AM"
"94556","49.36.233.245","11/22/2023, 10:34:47 AM"
"94556",", 71.104.39.190","11/22/2023, 10:36:34 AM"
"moraga, ca",", 71.104.39.190","11/22/2023, 10:37:12 AM"
"94556",", 49.36.233.245","11/22/2023, 10:38:24 AM"
"94556",", 49.36.233.245","11/22/2023, 10:41:18 AM"
"new york",", 49.36.233.245","11/22/2023, 10:41:47 AM"
"94556","49.36.233.245","11/22/2023, 10:44:16 AM"
"94556",", 49.36.233.245","11/22/2023, 10:46:24 AM"
"94556",", 71.104.39.190","11/22/2023, 11:15:16 AM"
"94556","71.104.39.190","11/22/2023, 11:16:19 AM"
"94556","71.104.39.190","11/22/2023, 11:22:09 AM"
"94556",", 71.104.39.190","11/22/2023, 11:31:51 AM"
"94556","71.104.39.190","11/22/2023, 11:34:45 AM"
"94556","71.104.39.190","11/22/2023, 11:35:15 AM"
"94556",", 71.104.39.190","11/22/2023, 11:38:23 AM"
"94556","71.104.39.190","11/22/2023, 11:49:11 AM"
"94556","71.104.39.190","11/22/2023, 11:59:39 AM"
"94556","71.104.39.190","11/22/2023, 12:08:40 PM"
"94556","71.104.39.190","11/22/2023, 12:12:40 PM"
"94556","71.104.39.190","11/22/2023, 12:28:52 PM"
"94556","71.104.39.190","11/22/2023, 12:43:21 PM"
"94556","71.104.39.190","11/22/2023, 12:52:37 PM"
"chicago, il",", 71.104.39.190","11/22/2023, 12:54:55 PM"
"94556",", 71.104.39.190","11/22/2023, 12:55:28 PM"
"94556",", 71.104.39.190","11/22/2023, 12:55:52 PM"
"94556","71.104.39.190","11/22/2023, 1:07:15 PM"
"chicago, il",", 71.104.39.190","11/22/2023, 1:10:44 PM"
"chicago, il",", 71.104.39.190","11/22/2023, 1:12:22 PM"
"94556",", 71.104.39.190","11/22/2023, 1:16:27 PM"
"Chicago il",", 174.206.173.13","11/22/2023, 2:40:35 PM"
"Toronto",", 45.126.3.252","11/22/2023, 3:00:21 PM"
